{
  "train_loss": [
    34999.810384114586,
    9137.599589029947,
    2949.488321940104,
    2819.3850911458335,
    2518.5009155273438,
    2318.9293212890625,
    2558.9660441080728,
    2397.362050374349,
    2246.3624877929688,
    1863.221415201823,
    2187.4881744384766,
    2093.1829528808594,
    2129.2790323893228,
    1820.2032470703125,
    2298.9754536946616
  ],
  "val_loss": [
    9264.466796875,
    2191096.1171875,
    3405.37109375,
    1807.3320770263672,
    5229.015808105469,
    2260.691131591797,
    1972.4883728027344,
    1923.453125,
    2326.2405700683594,
    2522.4952087402344,
    2251.7474060058594,
    1910.6004943847656,
    2036.7724304199219,
    1919.0648498535156,
    1937.8513793945312
  ],
  "train_food_acc": [
    0.0,
    0.010416666666666666,
    0.03125,
    0.010416666666666666,
    0.0,
    0.005208333333333333,
    0.005208333333333333,
    0.005208333333333333,
    0.005208333333333333,
    0.015625,
    0.015625,
    0.010416666666666666,
    0.005208333333333333,
    0.026041666666666668,
    0.010416666666666666
  ],
  "val_food_acc": [
    0.015625,
    0.125,
    0.015625,
    0.0,
    0.0,
    0.015625,
    0.015625,
    0.015625,
    0.015625,
    0.015625,
    0.015625,
    0.0,
    0.015625,
    0.0,
    0.0
  ],
  "train_cuisine_acc": [
    0.1875,
    0.18229166666666666,
    0.19791666666666666,
    0.22395833333333334,
    0.2604166666666667,
    0.2760416666666667,
    0.2552083333333333,
    0.265625,
    0.2864583333333333,
    0.2916666666666667,
    0.3125,
    0.3125,
    0.296875,
    0.3177083333333333,
    0.3177083333333333
  ],
  "val_cuisine_acc": [
    0.21875,
    0.21875,
    0.21875,
    0.21875,
    0.21875,
    0.171875,
    0.21875,
    0.21875,
    0.21875,
    0.21875,
    0.21875,
    0.21875,
    0.21875,
    0.21875,
    0.21875
  ],
  "learning_rates": [
    0.001,
    0.001,
    0.001,
    0.001,
    0.001,
    0.001,
    0.001,
    0.0005,
    0.0005,
    0.0005,
    0.0005,
    0.00025,
    0.00025,
    0.00025,
    0.00025
  ]
}