{
  "train_loss": [
    22209.489095052082,
    4023.9762369791665,
    961.1376190185547,
    891.1490275065104,
    690.7208633422852,
    773.1530303955078,
    606.2861582438151,
    608.9109344482422,
    641.0835622151693,
    497.42820994059247,
    561.1684163411459,
    571.6795069376627,
    606.7445017496744,
    728.1870320638021,
    602.7885487874349
  ],
  "val_loss": [
    2353.4635620117188,
    99228.005859375,
    1800.4568481445312,
    121.07061672210693,
    76.60083961486816,
    272.6533889770508,
    199.95134353637695,
    292.1587905883789,
    26.72889232635498,
    123.24623394012451,
    12.127839922904968,
    188.96138381958008,
    169.46298599243164,
    457.05523681640625,
    72.7028751373291
  ],
  "train_food_acc": [
    0.90625,
    1.0,
    1.0,
    1.0,
    1.0,
    1.0,
    1.0,
    1.0,
    1.0,
    1.0,
    1.0,
    1.0,
    1.0,
    1.0,
    1.0
  ],
  "val_food_acc": [
    1.0,
    1.0,
    1.0,
    1.0,
    1.0,
    1.0,
    1.0,
    1.0,
    1.0,
    1.0,
    1.0,
    1.0,
    1.0,
    1.0,
    1.0
  ],
  "train_cuisine_acc": [
    0.875,
    1.0,
    1.0,
    1.0,
    1.0,
    1.0,
    1.0,
    1.0,
    1.0,
    1.0,
    1.0,
    1.0,
    1.0,
    1.0,
    1.0
  ],
  "val_cuisine_acc": [
    1.0,
    1.0,
    1.0,
    1.0,
    1.0,
    1.0,
    1.0,
    1.0,
    1.0,
    1.0,
    1.0,
    1.0,
    1.0,
    1.0,
    1.0
  ],
  "learning_rates": [
    0.001,
    0.001,
    0.001,
    0.001,
    0.001,
    0.001,
    0.001,
    0.001,
    0.001,
    0.001,
    0.001,
    0.001,
    0.001,
    0.001,
    0.0005
  ]
}